Slow,Fast
2018-07-18_21-33,2018-07-18_18-44
2018-07-19_23-54,2018-07-19_21-10
2018-07-25_01-25,2018-07-24_22-53
2018-07-26_00-55,2018-07-25_21-25
2018-07-29_01-27,2018-07-28_23-01
2018-07-29_22-39,2018-07-29_19-52
2018-08-19_02-13,2018-08-18_23-17
2018-08-20_02-26,2018-08-20_00-04
2018-08-22_00-16,2018-08-21_21-57
2018-08-22_00-38,2018-08-21_21-57
2018-08-23_01-04,2018-08-22_22-47
2018-08-24_22-53,2018-08-24_20-44
2018-08-26_01-50,2018-08-25_22-53
2018-08-26_22-11,2018-08-26_18-25
2018-08-29_00-45,2018-08-28_22-10
2018-08-30_02-07,2018-08-29_23-51
2018-08-31_02-45,2018-08-31_00-24
2018-09-07_03-13,2018-09-07_01-08
2018-09-07_23-51,2018-09-07_21-39
2018-09-09_00-19,2018-09-08_22-04
2018-09-12_01-24,2018-09-11_22-33
2018-09-12_20-21,2018-09-12_17-15
2018-09-14_01-10,2018-09-13_22-46
2018-09-15_00-45,2018-09-14_21-57
